Datum;GÃ¤stnÃ¤tter i snitt per dag
2021-01-01;10 924
2021-01-02;11 302
2021-01-03;8 949
2021-01-04;9 511
2021-01-05;9 841
2021-01-06;8 633
2021-01-07;9 428
2021-01-08;10 173
2021-01-09;11 456
2021-01-10;7 895
2021-01-11;9 459
2021-01-12;9 967
2021-01-13;10 017
2021-01-14;8 813
2021-01-15;10 615
2021-01-16;12 372
2021-01-17;8 355
2021-01-18;9 885
2021-01-19;10 272
2021-01-20;10 406
2021-01-21;9 303
2021-01-22;11 475
2021-01-23;13 344
2021-01-24;8 789
2021-01-25;10 154
2021-01-26;10 741
2021-01-27;10 896
2021-01-28;9 426
2021-01-29;13 528
2021-01-30;15 609
2021-01-31;8 204
2021-02-01;10 136
2021-02-02;10 848
2021-02-03;10 911
2021-02-04;10 102
2021-02-05;13 148
2021-02-06;15 417
2021-02-07;9 291
2021-02-08;10 654
2021-02-09;11 231
2021-02-10;11 463
2021-02-11;10 491
2021-02-12;15 214
2021-02-13;23 097
2021-02-14;12 562
2021-02-15;11 201
2021-02-16;11 581
2021-02-17;11 383
2021-02-18;11 055
2021-02-19;14 692
2021-02-20;17 177
2021-02-21;9 954
2021-02-22;11 384
2021-02-23;12 186
2021-02-24;12 384
2021-02-25;12 030
2021-02-26;16 712
2021-02-27;18 990
2021-02-28;10 574
2021-03-01;12 424
2021-03-02;12 872
2021-03-03;13 185
2021-03-04;13 198
2021-03-05;15 964
2021-03-06;16 754
2021-03-07;9 773
2021-03-08;11 423
2021-03-09;11 895
2021-03-10;12 078
2021-03-11;11 284
2021-03-12;13 912
2021-03-13;16 042
2021-03-14;9 606
2021-03-15;11 384
2021-03-16;12 127
2021-03-17;12 069
2021-03-18;11 245
2021-03-19;14 025
2021-03-20;16 706
2021-03-21;10 412
2021-03-22;12 034
2021-03-23;12 708
2021-03-24;13 170
2021-03-25;12 303
2021-03-26;15 877
2021-03-27;18 319
2021-03-28;9 828
2021-03-29;11 744
2021-03-30;11 659
2021-03-31;10 595
2021-04-01;12 628
2021-04-02;16 962
2021-04-03;17 070
2021-04-04;12 930
2021-04-05;10 858
2021-04-06;12 678
2021-04-07;13 501
2021-04-08;13 358
2021-04-09;15 886
2021-04-10;17 313
2021-04-11;10 147
2021-04-12;11 560
2021-04-13;12 005
2021-04-14;12 368
2021-04-15;11 342
2021-04-16;14 331
2021-04-17;16 845
2021-04-18;9 887
2021-04-19;11 703
2021-04-20;12 261
2021-04-21;12 439
2021-04-22;11 494
2021-04-23;15 601
2021-04-24;18 649
2021-04-25;10 102
2021-04-26;11 982
2021-04-27;12 438
2021-04-28;12 144
2021-04-29;10 939
2021-04-30;15 716
2021-05-01;17 378
2021-05-02;10 737
2021-05-03;11 907
2021-05-04;12 592
2021-05-05;12 663
2021-05-06;12 004
2021-05-07;15 965
2021-05-08;18 678
2021-05-09;10 736
2021-05-10;12 060
2021-05-11;12 272
2021-05-12;13 388
2021-05-13;19 798
2021-05-14;22 446
2021-05-15;21 313
2021-05-16;11 276
2021-05-17;12 923
2021-05-18;13 945
2021-05-19;13 984
2021-05-20;13 119
2021-05-21;17 627
2021-05-22;20 393
2021-05-23;11 515
2021-05-24;12 999
2021-05-25;14 002
2021-05-26;14 427
2021-05-27;14 133
2021-05-28;20 823
2021-05-29;24 783
2021-05-30;11 856
2021-05-31;12 902
2021-06-01;14 590
2021-06-02;15 056
2021-06-03;15 201
2021-06-04;21 913
2021-06-05;24 958
2021-06-06;12 908
2021-06-07;14 816
2021-06-08;15 913
2021-06-09;15 977
2021-06-10;15 868
2021-06-11;23 105
2021-06-12;26 402
2021-06-13;14 387
2021-06-14;16 425
2021-06-15;17 267
2021-06-16;18 248
2021-06-17;18 343
2021-06-18;24 410
2021-06-19;27 629
2021-06-20;15 172
2021-06-21;17 735
2021-06-22;17 699
2021-06-23;14 937
2021-06-24;14 789
2021-06-25;20 968
2021-06-26;19 405
2021-06-27;14 528
2021-06-28;19 470
2021-06-29;21 328
2021-06-30;21 638
2021-07-01;22 604
2021-07-02;28 116
2021-07-03;31 877
2021-07-04;20 297
2021-07-05;24 154
2021-07-06;26 435
2021-07-07;26 258
2021-07-08;25 642
2021-07-09;30 255
2021-07-10;34 023
2021-07-11;23 381
2021-07-12;28 539
2021-07-13;31 364
2021-07-14;31 762
2021-07-15;31 308
2021-07-16;34 894
2021-07-17;35 966
2021-07-18;25 968
2021-07-19;32 142
2021-07-20;36 221
2021-07-21;36 864
2021-07-22;36 072
2021-07-23;40 074
2021-07-24;40 572
2021-07-25;29 051
2021-07-26;35 713
2021-07-27;39 644
2021-07-28;39 688
2021-07-29;37 747
2021-07-30;40 335
2021-07-31;41 257
2021-08-01;29 020
2021-08-02;34 092
2021-08-03;37 353
2021-08-04;37 840
2021-08-05;36 875
2021-08-06;39 411
2021-08-07;39 891
2021-08-08;25 466
2021-08-09;29 642
2021-08-10;31 464
2021-08-11;31 988
2021-08-12;33 031
2021-08-13;38 854
2021-08-14;41 193
2021-08-15;23 362
2021-08-16;25 869
2021-08-17;27 456
2021-08-18;28 346
2021-08-19;28 368
2021-08-20;34 536
2021-08-21;39 446
2021-08-22;22 042
2021-08-23;25 065
2021-08-24;27 195
2021-08-25;28 610
2021-08-26;27 838
2021-08-27;35 540
2021-08-28;41 449
2021-08-29;18 957
2021-08-30;22 711
2021-08-31;23 625
2021-09-01;25 034
2021-09-02;26 091
2021-09-03;36 674
2021-09-04;43 194
2021-09-05;18 953
2021-09-06;21 787
2021-09-07;24 274
2021-09-08;25 451
2021-09-09;25 201
2021-09-10;33 418
2021-09-11;39 037
2021-09-12;17 548
2021-09-13;21 354
2021-09-14;23 842
2021-09-15;24 748
2021-09-16;25 825
2021-09-17;34 702
2021-09-18;40 401
2021-09-19;17 963
2021-09-20;21 509
2021-09-21;23 618
2021-09-22;24 757
2021-09-23;24 856
2021-09-24;38 552
2021-09-25;45 763
2021-09-26;18 420
2021-09-27;22 178
2021-09-28;24 595
2021-09-29;24 811
2021-09-30;24 852
2021-10-01;39 093
2021-10-02;45 262
2021-10-03;19 703
2021-10-04;23 071
2021-10-05;26 278
2021-10-06;27 769
2021-10-07;27 330
2021-10-08;42 209
2021-10-09;52 867
2021-10-10;19 980
2021-10-11;24 176
2021-10-12;28 903
2021-10-13;28 531
2021-10-14;29 160
2021-10-15;39 235
2021-10-16;45 977
2021-10-17;20 516
2021-10-18;26 128
2021-10-19;30 224
2021-10-20;31 203
2021-10-21;30 689
2021-10-22;40 366
2021-10-23;45 510
2021-10-24;20 399
2021-10-25;25 873
2021-10-26;29 255
2021-10-27;30 347
2021-10-28;28 613
2021-10-29;38 699
2021-10-30;48 777
2021-10-31;27 132
2021-11-01;30 688
2021-11-02;31 977
2021-11-03;34 126
2021-11-04;40 787
2021-11-05;53 162
2021-11-06;52 739
2021-11-07;22 264
2021-11-08;25 591
2021-11-09;30 179
2021-11-10;31 790
2021-11-11;31 444
2021-11-12;39 817
2021-11-13;46 891
2021-11-14;20 024
2021-11-15;26 514
2021-11-16;31 328
2021-11-17;31 987
2021-11-18;32 680
2021-11-19;41 332
2021-11-20;46 779
2021-11-21;20 521
2021-11-22;26 584
2021-11-23;31 096
2021-11-24;33 337
2021-11-25;34 644
2021-11-26;47 255
2021-11-27;53 924
2021-11-28;21 111
2021-11-29;26 198
2021-11-30;29 642
2021-12-01;32 211
2021-12-02;32 805
2021-12-03;43 535
2021-12-04;49 210
2021-12-05;20 562
2021-12-06;24 156
2021-12-07;27 317
2021-12-08;27 722
2021-12-09;27 097
2021-12-10;37 910
2021-12-11;41 807
2021-12-12;17 825
2021-12-13;19 632
2021-12-14;21 948
2021-12-15;21 928
2021-12-16;20 959
2021-12-17;27 483
2021-12-18;30 525
2021-12-19;16 035
2021-12-20;16 729
2021-12-21;16 174
2021-12-22;15 273
2021-12-23;17 472
2021-12-24;20 601
2021-12-25;19 724
2021-12-26;19 194
2021-12-27;22 207
2021-12-28;22 974
2021-12-29;22 145
2021-12-30;22 413
2021-12-31;38 676
2022-01-01;22 191
2022-01-02;16 268
2022-01-03;16 736
2022-01-04;16 542
2022-01-05;17 196
2022-01-06;18 391
2022-01-07;22 003
2022-01-08;20 870
2022-01-09;11 375
2022-01-10;13 434
2022-01-11;14 545
2022-01-12;14 396
2022-01-13;13 378
2022-01-14;16 470
2022-01-15;18 872
2022-01-16;11 410
2022-01-17;13 545
2022-01-18;14 072
2022-01-19;14 252
2022-01-20;13 708
2022-01-21;16 870
2022-01-22;19 175
2022-01-23;11 550
2022-01-24;13 681
2022-01-25;15 140
2022-01-26;15 243
2022-01-27;14 520
2022-01-28;20 197
2022-01-29;24 172
2022-01-30;12 497
2022-01-31;13 833
2022-02-01;15 068
2022-02-02;15 329
2022-02-03;14 673
2022-02-04;20 136
2022-02-05;24 173
2022-02-06;13 113
2022-02-07;16 286
2022-02-08;18 048
2022-02-09;18 531
2022-02-10;17 509
2022-02-11;24 363
2022-02-12;30 709
2022-02-13;16 728
2022-02-14;20 559
2022-02-15;20 494
2022-02-16;20 967
2022-02-17;20 607
2022-02-18;28 253
2022-02-19;33 187
2022-02-20;17 880
2022-02-21;21 698
2022-02-22;22 807
2022-02-23;23 527
2022-02-24;23 504
2022-02-25;35 392
2022-02-26;36 894
2022-02-27;17 366
2022-02-28;19 254
2022-03-01;21 798
2022-03-02;22 228
2022-03-03;22 895
2022-03-04;30 931
2022-03-05;33 266
2022-03-06;16 638
2022-03-07;22 178
2022-03-08;25 960
2022-03-09;26 498
2022-03-10;24 511
2022-03-11;35 328
2022-03-12;42 895
2022-03-13;18 626
2022-03-14;24 717
2022-03-15;29 066
2022-03-16;28 624
2022-03-17;26 186
2022-03-18;33 323
2022-03-19;38 740
2022-03-20;18 267
2022-03-21;25 057
2022-03-22;29 547
2022-03-23;30 894
2022-03-24;37 493
2022-03-25;40 812
2022-03-26;44 489
2022-03-27;20 415
2022-03-28;26 638
2022-03-29;30 160
2022-03-30;30 511
2022-03-31;29 022
2022-04-01;40 209
2022-04-02;44 532
2022-04-03;21 065
2022-04-04;29 386
2022-04-05;34 453
2022-04-06;34 550
2022-04-07;31 753
2022-04-08;36 169
2022-04-09;42 658
2022-04-10;24 587
2022-04-11;27 752
2022-04-12;28 055
2022-04-13;27 127
2022-04-14;34 222
2022-04-15;44 277
2022-04-16;42 985
2022-04-17;29 870
2022-04-18;19 833
2022-04-19;27 931
2022-04-20;33 201
2022-04-21;34 015
2022-04-22;42 170
2022-04-23;48 386
2022-04-24;24 701
2022-04-25;35 789
2022-04-26;44 213
2022-04-27;43 996
2022-04-28;40 663
2022-04-29;44 191
2022-04-30;46 469
2022-05-01;25 609
2022-05-02;33 019
2022-05-03;36 906
2022-05-04;38 378
2022-05-05;37 450
2022-05-06;45 391
2022-05-07;52 287
2022-05-08;24 307
2022-05-09;33 663
2022-05-10;41 170
2022-05-11;40 804
2022-05-12;38 038
2022-05-13;46 215
2022-05-14;52 716
2022-05-15;26 639
2022-05-16;34 985
2022-05-17;40 128
2022-05-18;42 643
2022-05-19;42 284
2022-05-20;46 970
2022-05-21;51 469
2022-05-22;28 161
2022-05-23;36 911
2022-05-24;35 541
2022-05-25;33 478
2022-05-26;48 523
2022-05-27;59 859
2022-05-28;60 460
2022-05-29;31 881
2022-05-30;39 244
2022-05-31;43 690
2022-06-01;44 695
2022-06-02;45 672
2022-06-03;53 966
2022-06-04;58 831
2022-06-05;44 939
2022-06-06;29 574
2022-06-07;39 577
2022-06-08;42 544
2022-06-09;41 349
2022-06-10;47 622
2022-06-11;54 324
2022-06-12;32 517
2022-06-13;40 200
2022-06-14;44 995
2022-06-15;45 584
2022-06-16;44 589
2022-06-17;49 553
2022-06-18;56 496
2022-06-19;35 128
2022-06-20;40 870
2022-06-21;39 218
2022-06-22;33 323
2022-06-23;29 658
2022-06-24;37 073
2022-06-25;36 283
2022-06-26;31 661
2022-06-27;40 696
2022-06-28;49 303
2022-06-29;52 408
2022-06-30;45 040
2022-07-01;54 878
2022-07-02;59 136
2022-07-03;43 751
2022-07-04;40 970
2022-07-05;43 233
2022-07-06;41 979
2022-07-07;39 944
2022-07-08;44 548
2022-07-09;49 637
2022-07-10;38 008
2022-07-11;44 659
2022-07-12;46 969
2022-07-13;45 939
2022-07-14;44 896
2022-07-15;48 498
2022-07-16;50 875
2022-07-17;40 329
2022-07-18;45 030
2022-07-19;48 767
2022-07-20;52 829
2022-07-21;54 215
2022-07-22;51 077
2022-07-23;50 910
2022-07-24;39 733
2022-07-25;45 741
2022-07-26;49 070
2022-07-27;50 691
2022-07-28;51 574
2022-07-29;55 307
2022-07-30;59 045
2022-07-31;52 812
2022-08-01;44 618
2022-08-02;47 016
2022-08-03;47 444
2022-08-04;47 415
2022-08-05;51 534
2022-08-06;52 296
2022-08-07;36 524
2022-08-08;40 082
2022-08-09;42 850
2022-08-10;42 961
2022-08-11;43 884
2022-08-12;47 561
2022-08-13;52 275
2022-08-14;35 736
2022-08-15;42 456
2022-08-16;43 516
2022-08-17;44 465
2022-08-18;43 037
2022-08-19;47 311
2022-08-20;50 804
2022-08-21;32 930
2022-08-22;41 361
2022-08-23;45 691
2022-08-24;45 846
2022-08-25;45 825
2022-08-26;54 989
2022-08-27;57 788
2022-08-28;33 457
2022-08-29;39 466
2022-08-30;41 831
2022-08-31;39 695
2022-09-01;40 309
2022-09-02;47 737
2022-09-03;51 320
2022-09-04;28 401
2022-09-05;36 902
2022-09-06;41 654
2022-09-07;42 794
2022-09-08;41 206
2022-09-09;46 594
2022-09-10;48 942
2022-09-11;26 457
2022-09-12;35 264
2022-09-13;42 454
2022-09-14;42 378
2022-09-15;41 823
2022-09-16;46 623
2022-09-17;50 414
2022-09-18;28 044
2022-09-19;37 212
2022-09-20;42 366
2022-09-21;42 602
2022-09-22;40 777
2022-09-23;48 874
2022-09-24;54 266
2022-09-25;26 287
2022-09-26;34 844
2022-09-27;40 391
2022-09-28;40 561
2022-09-29;38 286
2022-09-30;45 016
2022-10-01;46 950
2022-10-02;23 909
2022-10-03;32 361
2022-10-04;37 803
2022-10-05;39 525
2022-10-06;40 014
2022-10-07;45 868
2022-10-08;49 473
2022-10-09;25 460
2022-10-10;34 336
2022-10-11;37 644
2022-10-12;37 973
2022-10-13;36 592
2022-10-14;42 553
2022-10-15;47 697
2022-10-16;26 181
2022-10-17;36 912
2022-10-18;41 213
2022-10-19;43 102
2022-10-20;40 511
2022-10-21;43 781
2022-10-22;47 873
2022-10-23;24 175
2022-10-24;34 290
2022-10-25;42 170
2022-10-26;41 450
2022-10-27;35 412
2022-10-28;41 200
2022-10-29;51 583
2022-10-30;30 484
2022-10-31;33 788
2022-11-01;33 822
2022-11-02;35 301
2022-11-03;39 221
2022-11-04;47 804
2022-11-05;46 261
2022-11-06;20 404
2022-11-07;29 449
2022-11-08;36 681
2022-11-09;37 065
2022-11-10;35 731
2022-11-11;41 714
2022-11-12;47 999
2022-11-13;22 561
2022-11-14;35 200
2022-11-15;40 394
2022-11-16;41 011
2022-11-17;39 583
2022-11-18;40 954
2022-11-19;46 072
2022-11-20;22 967
2022-11-21;31 157
2022-11-22;35 989
2022-11-23;37 414
2022-11-24;38 502
2022-11-25;49 312
2022-11-26;52 385
2022-11-27;22 942
2022-11-28;30 263
2022-11-29;35 593
2022-11-30;35 110
2022-12-01;35 858
2022-12-02;43 605
2022-12-03;48 432
2022-12-04;23 408
2022-12-05;30 557
2022-12-06;34 364
2022-12-07;37 244
2022-12-08;36 362
2022-12-09;43 445
2022-12-10;47 003
2022-12-11;22 691
2022-12-12;26 863
2022-12-13;29 768
2022-12-14;33 201
2022-12-15;30 084
2022-12-16;32 548
2022-12-17;34 495
2022-12-18;19 936
2022-12-19;22 407
2022-12-20;21 130
2022-12-21;18 959
2022-12-22;18 687
2022-12-23;21 268
2022-12-24;24 013
2022-12-25;22 176
2022-12-26;24 591
2022-12-27;29 205
2022-12-28;30 449
2022-12-29;30 376
2022-12-30;31 899
2022-12-31;44 144
2023-01-01;23 740
2023-01-02;22 552
2023-01-03;23 041
2023-01-04;22 381
2023-01-05;24 319
2023-01-06;29 812
2023-01-07;26 963
2023-01-08;13 771
2023-01-09;18 996
2023-01-10;23 465
2023-01-11;24 509
2023-01-12;20 569
2023-01-13;24 627
2023-01-14;29 532
2023-01-15;18 698
2023-01-16;24 815
2023-01-17;29 625
2023-01-18;30 117
2023-01-19;26 789
2023-01-20;29 362
2023-01-21;32 697
2023-01-22;16 767
2023-01-23;26 679
2023-01-24;31 953
2023-01-25;34 000
2023-01-26;29 548
2023-01-27;35 359
2023-01-28;41 294
2023-01-29;22 432
2023-01-30;23 845
2023-01-31;27 302
2023-02-01;30 370
2023-02-02;26 281
2023-02-03;31 168
2023-02-04;35 815
2023-02-05;18 953
2023-02-06;29 045
2023-02-07;35 881
2023-02-08;37 099
2023-02-09;31 236
2023-02-10;35 271
2023-02-11;42 224
2023-02-12;19 739
2023-02-13;25 539
2023-02-14;31 203
2023-02-15;31 509
2023-02-16;28 925
2023-02-17;34 930
2023-02-18;39 815
2023-02-19;21 943
2023-02-20;27 065
2023-02-21;30 468
2023-02-22;30 914
2023-02-23;27 803
2023-02-24;35 065
2023-02-25;39 349
2023-02-26;20 226
2023-02-27;23 215
2023-02-28;24 787
2023-03-01;28 339
2023-03-02;24 986
2023-03-03;32 318
2023-03-04;37 065
2023-03-05;20 942
2023-03-06;26 495
2023-03-07;32 179
2023-03-08;32 887
2023-03-09;30 011
2023-03-10;40 974
2023-03-11;48 330
2023-03-12;20 568
2023-03-13;29 708
2023-03-14;35 349
2023-03-15;36 854
2023-03-16;32 765
2023-03-17;38 081
2023-03-18;42 588
2023-03-19;22 255
2023-03-20;28 125
2023-03-21;33 951
2023-03-22;34 145
2023-03-23;31 881
2023-03-24;48 243
2023-03-25;49 911
2023-03-26;22 386
2023-03-27;31 276
2023-03-28;35 206
2023-03-29;35 353
2023-03-30;30 349
2023-03-31;37 411
2023-04-01;44 835
2023-04-02;23 174
2023-04-03;26 249
2023-04-04;26 946
2023-04-05;23 311
2023-04-06;30 763
2023-04-07;42 777
2023-04-08;43 435
2023-04-09;31 836
2023-04-10;21 915
2023-04-11;27 097
2023-04-12;30 496
2023-04-13;29 734
2023-04-14;37 223
2023-04-15;43 005
2023-04-16;22 878
2023-04-17;33 747
2023-04-18;40 388
2023-04-19;40 303
2023-04-20;35 644
2023-04-21;43 586
2023-04-22;48 988
2023-04-23;25 407
2023-04-24;35 499
2023-04-25;41 930
2023-04-26;41 222
2023-04-27;36 700
2023-04-28;47 022
2023-04-29;53 516
2023-04-30;35 535
2023-05-01;24 631
2023-05-02;35 841
2023-05-03;42 137
2023-05-04;41 194
2023-05-05;45 215
2023-05-06;50 732
2023-05-07;28 316
2023-05-08;37 907
2023-05-09;44 968
2023-05-10;51 684
2023-05-11;51 727
2023-05-12;47 324
2023-05-13;47 758
2023-05-14;26 024
2023-05-15;33 687
2023-05-16;32 018
2023-05-17;30 377
2023-05-18;43 276
2023-05-19;52 337
2023-05-20;49 819
2023-05-21;27 174
2023-05-22;39 100
2023-05-23;47 967
2023-05-24;45 410
2023-05-25;43 334
2023-05-26;51 215
2023-05-27;57 666
2023-05-28;35 563
2023-05-29;38 420
2023-05-30;42 936
2023-05-31;45 726
2023-06-01;45 405
2023-06-02;53 043
2023-06-03;54 444
2023-06-04;33 138
2023-06-05;32 466
2023-06-06;31 474
2023-06-07;41 370
2023-06-08;42 158
2023-06-09;47 481
2023-06-10;51 134
2023-06-11;34 113
2023-06-12;41 794
2023-06-13;44 496
2023-06-14;45 777
2023-06-15;43 070
2023-06-16;50 728
2023-06-17;58 914
2023-06-18;41 752
2023-06-19;41 986
2023-06-20;43 522
2023-06-21;36 213
2023-06-22;32 924
2023-06-23;39 826
2023-06-24;37 155
2023-06-25;32 741
2023-06-26;39 827
2023-06-27;42 605
2023-06-28;42 484
2023-06-29;44 560
2023-06-30;48 384
2023-07-01;52 287
2023-07-02;36 791
2023-07-03;41 607
2023-07-04;44 621
2023-07-05;43 872
2023-07-06;43 823
2023-07-07;54 789
2023-07-08;57 780
2023-07-09;39 491
2023-07-10;44 745
2023-07-11;47 927
2023-07-12;48 045
2023-07-13;47 474
2023-07-14;49 623
2023-07-15;51 269
2023-07-16;41 568
2023-07-17;47 810
2023-07-18;51 090
2023-07-19;50 847
2023-07-20;50 371
2023-07-21;52 666
2023-07-22;54 618
2023-07-23;42 981
2023-07-24;47 006
2023-07-25;52 008
2023-07-26;53 284
2023-07-27;53 157
2023-07-28;55 279
2023-07-29;54 363
2023-07-30;41 401
2023-07-31;44 688
2023-08-01;46 497
2023-08-02;48 333
2023-08-03;49 916
2023-08-04;54 129
2023-08-05;56 917
2023-08-06;39 198
2023-08-07;42 945
2023-08-08;46 099
2023-08-09;46 018
2023-08-10;45 669
2023-08-11;50 177
2023-08-12;54 308
2023-08-13;39 821
2023-08-14;44 890
2023-08-15;47 269
2023-08-16;47 006
2023-08-17;46 341
2023-08-18;51 160
2023-08-19;55 416
2023-08-20;36 373
2023-08-21;42 743
2023-08-22;47 554
2023-08-23;48 349
2023-08-24;45 530
2023-08-25;51 864
2023-08-26;55 825
2023-08-27;33 917
2023-08-28;42 670
2023-08-29;45 178
2023-08-30;43 870
2023-08-31;42 153
2023-09-01;50 074
2023-09-02;55 172
2023-09-03;30 188
2023-09-04;38 382
2023-09-05;42 554
2023-09-06;43 524
2023-09-07;42 629
2023-09-08;46 942
2023-09-09;50 042
2023-09-10;28 874
2023-09-11;38 691
2023-09-12;45 498
2023-09-13;45 674
2023-09-14;42 090
2023-09-15;44 267
2023-09-16;48 133
2023-09-17;27 373
2023-09-18;36 714
2023-09-19;41 236
2023-09-20;42 093
2023-09-21;38 940
2023-09-22;47 876
2023-09-23;52 177
2023-09-24;26 951
2023-09-25;34 864
2023-09-26;39 766
2023-09-27;41 009
2023-09-28;39 191
2023-09-29;48 032
2023-09-30;54 585
2023-10-01;32 116
2023-10-02;33 107
2023-10-03;37 798
2023-10-04;39 132
2023-10-05;35 056
2023-10-06;45 806
2023-10-07;51 586
2023-10-08;25 578
2023-10-09;33 085
2023-10-10;37 312
2023-10-11;38 472
2023-10-12;36 137
2023-10-13;42 606
2023-10-14;48 241
2023-10-15;26 574
2023-10-16;34 985
2023-10-17;40 517
2023-10-18;42 074
2023-10-19;39 661
2023-10-20;43 508
2023-10-21;49 973
2023-10-22;24 808
2023-10-23;33 595
2023-10-24;39 080
2023-10-25;39 002
2023-10-26;35 123
2023-10-27;45 590
2023-10-28;55 142
2023-10-29;30 292
2023-10-30;32 890
2023-10-31;31 469
2023-11-01;33 205
2023-11-02;38 357
2023-11-03;49 068
2023-11-04;47 070
2023-11-05;20 410
2023-11-06;28 539
2023-11-07;35 077
2023-11-08;36 700
2023-11-09;34 331
2023-11-10;39 255
2023-11-11;45 532
2023-11-12;22 107
2023-11-13;30 755
2023-11-14;36 427
2023-11-15;39 201
2023-11-16;40 474
2023-11-17;49 325
2023-11-18;54 092
2023-11-19;25 413
2023-11-20;29 266
2023-11-21;34 745
2023-11-22;35 390
2023-11-23;33 218
2023-11-24;42 409
2023-11-25;47 457
2023-11-26;24 538
2023-11-27;30 213
2023-11-28;36 011
2023-11-29;35 050
2023-11-30;34 685
2023-12-01;45 491
2023-12-02;50 793
2023-12-03;24 135
2023-12-04;29 608
2023-12-05;34 615
2023-12-06;35 740
2023-12-07;34 589
2023-12-08;41 378
2023-12-09;44 693
2023-12-10;23 462
2023-12-11;27 910
2023-12-12;28 349
2023-12-13;29 196
2023-12-14;30 308
2023-12-15;32 101
2023-12-16;35 182
2023-12-17;19 885
2023-12-18;21 463
2023-12-19;21 289
2023-12-20;19 993
2023-12-21;19 010
2023-12-22;21 679
2023-12-23;23 013
2023-12-24;24 908
2023-12-25;22 996
2023-12-26;25 184
2023-12-27;30 049
2023-12-28;32 422
2023-12-29;35 984
2023-12-30;36 000
2023-12-31;46 351
2024-01-01;26 155
2024-01-02;25 735
2024-01-03;25 711
2024-01-04;24 786
2024-01-05;27 914
2024-01-06;25 521
2024-01-07;14 761
2024-01-08;19 071
2024-01-09;22 934
2024-01-10;26 604
2024-01-11;20 153
2024-01-12;25 977
2024-01-13;32 662
2024-01-14;18 436
2024-01-15;23 885
2024-01-16;29 257
2024-01-17;30 595
2024-01-18;26 053
2024-01-19;28 998
2024-01-20;33 865
2024-01-21;17 841
2024-01-22;26 655
2024-01-23;31 762
2024-01-24;32 683
2024-01-25;27 901
2024-01-26;34 963
2024-01-27;38 780
2024-01-28;18 051
2024-01-29;25 187
2024-01-30;30 556
2024-01-31;30 512
2024-02-01;25 443
2024-02-02;29 543
2024-02-03;36 758
2024-02-04;18 890
2024-02-05;28 232
2024-02-06;34 068
2024-02-07;35 297
2024-02-08;29 026
2024-02-09;31 333
2024-02-10;35 948
2024-02-11;20 819
2024-02-12;27 144
2024-02-13;31 818
2024-02-14;32 913
2024-02-15;30 751
2024-02-16;35 906
2024-02-17;41 033
2024-02-18;23 022
2024-02-19;27 368
2024-02-20;32 577
2024-02-21;35 542
2024-02-22;33 889
2024-02-23;37 426
2024-02-24;39 283
2024-02-25;19 862
2024-02-26;23 571
2024-02-27;25 027
2024-02-28;25 661
2024-02-29;24 865
2024-03-01;33 549
2024-03-02;36 568
2024-03-03;19 594
2024-03-04;27 329
2024-03-05;34 122
2024-03-06;31 687
2024-03-07;29 230
2024-03-08;40 367
2024-03-09;47 820
2024-03-10;21 270
2024-03-11;29 135
2024-03-12;36 415
2024-03-13;39 915
2024-03-14;33 036
2024-03-15;39 917
2024-03-16;42 861
2024-03-17;22 262
2024-03-18;31 399
2024-03-19;35 951
2024-03-20;36 871
2024-03-21;32 001
2024-03-22;36 297
2024-03-23;42 148
2024-03-24;23 484
2024-03-25;28 513
2024-03-26;27 334
2024-03-27;23 794
2024-03-28;29 549
2024-03-29;41 377
2024-03-30;42 060
2024-03-31;31 837
2024-04-01;22 070
2024-04-02;25 817
2024-04-03;27 815
2024-04-04;29 278
2024-04-05;36 112
2024-04-06;38 508
2024-04-07;20 559
2024-04-08;29 537
2024-04-09;35 645
2024-04-10;36 576
2024-04-11;33 527
2024-04-12;37 750
2024-04-13;42 084
2024-04-14;22 216
2024-04-15;31 954
2024-04-16;38 470
2024-04-17;39 355
2024-04-18;34 273
2024-04-19;42 031
2024-04-20;47 891
2024-04-21;23 980
2024-04-22;34 787
2024-04-23;42 398
2024-04-24;43 364
2024-04-25;40 705
2024-04-26;46 380
2024-04-27;52 904
2024-04-28;24 663
2024-04-29;26 981
2024-04-30;24 794
2024-05-01;26 137
2024-05-02;34 911
2024-05-03;44 724
2024-05-04;50 328
2024-05-05;26 064
2024-05-06;32 340
2024-05-07;32 150
2024-05-08;28 712
2024-05-09;42 271
2024-05-10;51 964
2024-05-11;49 737
2024-05-12;27 852
2024-05-13;37 709
2024-05-14;42 091
2024-05-15;43 078
2024-05-16;46 880
2024-05-17;58 599
2024-05-18;63 932
2024-05-19;49 350
2024-05-20;39 767
2024-05-21;42 978
2024-05-22;45 149
2024-05-23;44 809
2024-05-24;48 974
2024-05-25;53 574
2024-05-26;32 195
2024-05-27;38 922
2024-05-28;43 869
2024-05-29;45 618
2024-05-30;45 631
2024-05-31;52 672
2024-06-01;53 063
2024-06-02;32 757
2024-06-03;41 301
2024-06-04;41 125
2024-06-05;35 332
2024-06-06;38 271
2024-06-07;47 700
2024-06-08;53 104
2024-06-09;30 510
2024-06-10;39 827
2024-06-11;43 969
2024-06-12;45 329
2024-06-13;43 139
2024-06-14;46 086
2024-06-15;50 514
2024-06-16;35 303
2024-06-17;43 715
2024-06-18;43 745
2024-06-19;36 166
2024-06-20;31 861
2024-06-21;38 435
2024-06-22;38 310
2024-06-23;34 813
2024-06-24;42 511
2024-06-25;46 454
2024-06-26;43 956
2024-06-27;43 612
2024-06-28;48 788
2024-06-29;49 577
2024-06-30;35 720
2024-07-01;43 509
2024-07-02;44 212
2024-07-03;43 399
2024-07-04;42 795
2024-07-05;49 063
2024-07-06;53 419
2024-07-07;39 810
2024-07-08;45 399
2024-07-09;48 454
2024-07-10;47 787
2024-07-11;49 259
2024-07-12;51 855
2024-07-13;54 722
2024-07-14;48 230
2024-07-15;55 796
2024-07-16;51 769
2024-07-17;53 501
2024-07-18;57 216
2024-07-19;53 595
2024-07-20;52 169
2024-07-21;41 856
2024-07-22;47 824
2024-07-23;50 898
2024-07-24;54 170
2024-07-25;59 186
2024-07-26;55 445
2024-07-27;54 920
2024-07-28;43 724
2024-07-29;47 322
2024-07-30;48 957
2024-07-31;47 653
2024-08-01;49 139
2024-08-02;53 012
2024-08-03;55 430
2024-08-04;40 910
2024-08-05;45 100
2024-08-06;47 892
2024-08-07;47 224
2024-08-08;46 668
2024-08-09;54 398
2024-08-10;54 867
2024-08-11;39 918
2024-08-12;45 873
2024-08-13;48 773
2024-08-14;49 724
2024-08-15;49 087
2024-08-16;54 281
2024-08-17;58 739
2024-08-18;39 647
2024-08-19;45 333
2024-08-20;48 380
2024-08-21;49 073
2024-08-22;47 768
2024-08-23;54 350
2024-08-24;58 209
2024-08-25;40 041
2024-08-26;47 102
2024-08-27;48 850
2024-08-28;51 901
2024-08-29;45 821
2024-08-30;55 150
2024-08-31;58 999
2024-09-01;32 776
2024-09-02;42 144
2024-09-03;42 968
2024-09-04;43 055
2024-09-05;42 499
2024-09-06;47 402
2024-09-07;52 297
2024-09-08;30 832
2024-09-09;38 178
2024-09-10;42 373
2024-09-11;43 729
2024-09-12;42 017
2024-09-13;47 532
2024-09-14;54 936
2024-09-15;29 168
2024-09-16;37 919
2024-09-17;42 063
2024-09-18;43 226
2024-09-19;40 045
2024-09-20;43 239
2024-09-21;48 150
2024-09-22;27 581
2024-09-23;36 300
2024-09-24;41 979
2024-09-25;42 952
2024-09-26;40 677
2024-09-27;47 531
2024-09-28;53 131
2024-09-29;26 442
2024-09-30;33 870
2024-10-01;36 988
2024-10-02;37 602
2024-10-03;37 824
2024-10-04;43 931
2024-10-05;48 927
2024-10-06;25 871
2024-10-07;33 662
2024-10-08;38 371
2024-10-09;39 545
2024-10-10;35 461
2024-10-11;48 613
2024-10-12;58 332
2024-10-13;27 004
2024-10-14;35 558
2024-10-15;40 690
2024-10-16;42 945
2024-10-17;39 449
2024-10-18;42 817
2024-10-19;47 834
2024-10-20;26 427
2024-10-21;34 116
2024-10-22;39 673
2024-10-23;39 656
2024-10-24;36 154
2024-10-25;42 317
2024-10-26;51 183
2024-10-27;31 306
2024-10-28;36 213
2024-10-29;36 772
2024-10-30;37 713
2024-10-31;38 796
2024-11-01;50 528
2024-11-02;50 427
2024-11-03;25 597
2024-11-04;31 085
2024-11-05;36 332
2024-11-06;35 538
2024-11-07;31 981
2024-11-08;40 640
2024-11-09;47 960
2024-11-10;23 935
2024-11-11;30 750
2024-11-12;36 718
2024-11-13;37 292
2024-11-14;32 452
2024-11-15;40 555
2024-11-16;49 681
2024-11-17;23 747
2024-11-18;31 241
2024-11-19;36 463
2024-11-20;37 032
2024-11-21;35 786
2024-11-22;42 215
2024-11-23;46 901
2024-11-24;24 531
2024-11-25;30 318
2024-11-26;35 850
2024-11-27;35 970
2024-11-28;35 196
2024-11-29;45 429
2024-11-30;50 270
2024-12-01;26 000
2024-12-02;30 915
2024-12-03;35 552
2024-12-04;35 201
2024-12-05;34 908
2024-12-06;45 125
2024-12-07;49 722
2024-12-08;26 649
2024-12-09;30 941
2024-12-10;34 707
2024-12-11;33 460
2024-12-12;29 227
2024-12-13;35 986
2024-12-14;40 419
2024-12-15;22 637
2024-12-16;24 955
2024-12-17;26 035
2024-12-18;24 580
2024-12-19;22 424
2024-12-20;26 080
2024-12-21;28 992
2024-12-22;22 334
2024-12-23;23 336
2024-12-24;25 967
2024-12-25;25 096
2024-12-26;29 523
2024-12-27;37 576
2024-12-28;39 882
2024-12-29;34 521
2024-12-30;35 018
2024-12-31;48 126
2025-01-01;29 231
2025-01-02;28 968
2025-01-03;30 261
2025-01-04;28 822
2025-01-05;22 050
2025-01-06;18 492
2025-01-07;20 636
2025-01-08;22 054
2025-01-09;20 607
2025-01-10;24 243
2025-01-11;27 403
2025-01-12;20 806
2025-01-13;23 718
2025-01-14;27 514
2025-01-15;28 316
2025-01-16;24 777
2025-01-17;27 704
2025-01-18;29 620
2025-01-19;19 773
2025-01-20;26 230
2025-01-21;30 441
2025-01-22;30 667
2025-01-23;27 889
2025-01-24;30 155
2025-01-25;34 461
2025-01-26;20 226
2025-01-27;25 731
2025-01-28;29 502
2025-01-29;31 123
2025-01-30;26 950
2025-01-31;30 824
2025-02-01;38 716
2025-02-02;23 052
2025-02-03;29 528
2025-02-04;33 993
2025-02-05;34 589
2025-02-06;30 476
2025-02-07;35 406
2025-02-08;41 059
2025-02-09;22 643
2025-02-10;27 460
2025-02-11;31 196
2025-02-12;30 999
2025-02-13;28 647
2025-02-14;38 085
2025-02-15;38 473
2025-02-16;24 004
2025-02-17;28 495
2025-02-18;32 849
2025-02-19;31 312
2025-02-20;29 073
2025-02-21;33 451
2025-02-22;35 859
2025-02-23;23 418
2025-02-24;24 677
2025-02-25;26 624
2025-02-26;26 375
2025-02-27;26 139
2025-02-28;31 912
2025-03-01;36 213
2025-03-02;23 129
2025-03-03;28 477
2025-03-04;32 074
2025-03-05;31 967
2025-03-06;29 904
2025-03-07;36 844
2025-03-08;43 535
2025-03-09;23 943
2025-03-10;29 102
2025-03-11;34 430
2025-03-12;34 928
2025-03-13;31 141
2025-03-14;36 476
2025-03-15;40 583
2025-03-16;23 989
2025-03-17;30 604
2025-03-18;34 854
2025-03-19;33 580
2025-03-20;31 732
2025-03-21;42 646
2025-03-22;47 541
2025-03-23;30 549
2025-03-24;31 113
2025-03-25;39 324
2025-03-26;39 676
2025-03-27;38 939
2025-03-28;40 624
2025-03-29;44 763
2025-03-30;26 599
2025-03-31;29 335
2025-04-01;34 706
2025-04-02;35 882
2025-04-03;35 648
2025-04-04;41 718
2025-04-05;42 912
2025-04-06;25 424
2025-04-07;32 424
2025-04-08;37 731
2025-04-09;37 949
2025-04-10;33 501
2025-04-11;37 751
2025-04-12;43 745
2025-04-13;28 448
2025-04-14;33 008
2025-04-15;32 727
2025-04-16;30 872
2025-04-17;36 318
2025-04-18;43 511
2025-04-19;41 855
2025-04-20;30 622
2025-04-21;24 512
2025-04-22;32 634
2025-04-23;39 566
2025-04-24;37 219
2025-04-25;41 408
2025-04-26;44 465
2025-04-27;26 772
2025-04-28;32 228
2025-04-29;28 083
2025-04-30;29 118
2025-05-01;40 454
2025-05-02;48 105
2025-05-03;48 276
2025-05-04;31 538
2025-05-05;38 739
2025-05-06;43 031
2025-05-07;44 248
2025-05-08;40 960
2025-05-09;45 686
2025-05-10;49 927
2025-05-11;34 266
2025-05-12;42 974
2025-05-13;45 097
2025-05-14;45 142
2025-05-15;40 607
2025-05-16;45 208
2025-05-17;49 792
2025-05-18;34 224
2025-05-19;42 177
2025-05-20;46 149
2025-05-21;45 171
2025-05-22;43 645
2025-05-23;48 067
2025-05-24;53 342
2025-05-25;38 085
2025-05-26;41 501
2025-05-27;41 041
2025-05-28;36 658
2025-05-29;45 971
2025-05-30;54 978
2025-05-31;55 594
2025-06-01;38 495
2025-06-02;42 221
2025-06-03;46 346
2025-06-04;43 989
2025-06-05;49 790
2025-06-06;52 615
2025-06-07;51 568
2025-06-08;37 862
2025-06-09;42 543
2025-06-10;46 089
2025-06-11;45 538
2025-06-12;48 610
2025-06-13;55 678
2025-06-14;56 150
2025-06-15;42 396
2025-06-16;47 935
2025-06-17;48 073
2025-06-18;41 184
2025-06-19;38 971
2025-06-20;43 383
2025-06-21;42 139
2025-06-22;37 953
2025-06-23;44 210
2025-06-24;48 569
2025-06-25;46 670
2025-06-26;46 290
2025-06-27;50 308
2025-06-28;54 162
2025-06-29;41 685
2025-06-30;41 493
2025-07-01;45 545
2025-07-02;45 774
2025-07-03;45 254
2025-07-04;52 461
2025-07-05;52 532
2025-07-06;41 286
2025-07-07;45 829
2025-07-08;49 220
2025-07-09;49 655
2025-07-10;49 471
2025-07-11;51 420
2025-07-12;53 146
2025-07-13;45 307
2025-07-14;48 988
2025-07-15;52 035
2025-07-16;51 933
2025-07-17;51 474
2025-07-18;58 741
2025-07-19;61 493
2025-07-20;45 148
2025-07-21;48 051
2025-07-22;52 060
2025-07-23;52 509
2025-07-24;54 190
2025-07-25;58 990
2025-07-26;60 200
2025-07-27;48 348
2025-07-28;50 453
2025-07-29;51 575
2025-07-30;52 085
2025-07-31;50 007
2025-08-01;55 168
2025-08-02;57 043
2025-08-03;45 154
2025-08-04;48 639
2025-08-05;50 090
2025-08-06;51 158
2025-08-07;54 485
2025-08-08;58 054
2025-08-09;61 970
2025-08-10;44 856
2025-08-11;48 311
2025-08-12;51 752
2025-08-13;52 685
2025-08-14;52 573
2025-08-15;57 248
2025-08-16;60 467
2025-08-17;44 157
2025-08-18;47 375
2025-08-19;50 341
2025-08-20;51 840
2025-08-21;52 889
2025-08-22;64 195
2025-08-23;65 928
2025-08-24;41 869
2025-08-25;48 470
2025-08-26;51 116
2025-08-27;50 898
2025-08-28;50 712
2025-08-29;58 546
2025-08-30;59 995
2025-08-31;37 518
2025-09-01;40 698
2025-09-02;44 368
2025-09-03;43 907
2025-09-04;41 762
2025-09-05;49 321
2025-09-06;52 782
2025-09-07;32 074
2025-09-08;39 913
2025-09-09;44 422
2025-09-10;44 567
2025-09-11;43 735
2025-09-12;48 601
2025-09-13;54 890
2025-09-14;32 806
2025-09-15;39 417
2025-09-16;43 684
2025-09-17;43 919
2025-09-18;42 038
2025-09-19;46 326
2025-09-20;49 085
2025-09-21;31 856
2025-09-22;38 752
2025-09-23;43 618
2025-09-24;43 306
2025-09-25;40 329
2025-09-26;50 541
2025-09-27;56 202
2025-09-28;31 159
2025-09-29;37 231
2025-09-30;40 807
2025-10-01;40 515
2025-10-02;38 991
2025-10-03;45 023
2025-10-04;49 885
2025-10-05;30 756
2025-10-06;36 981
2025-10-07;41 274
2025-10-08;41 555
2025-10-09;41 209
2025-10-10;55 183
2025-10-11;55 999
2025-10-12;39 300
2025-10-13;44 115
2025-10-14;45 576
2025-10-15;46 978
2025-10-16;42 783
2025-10-17;53 130
2025-10-18;52 819
2025-10-19;30 932
2025-10-20;38 042
2025-10-21;42 381
2025-10-22;41 137
2025-10-23;37 747
2025-10-24;45 265
2025-10-25;52 256
2025-10-26;34 394
2025-10-27;38 509
2025-10-28;39 300
2025-10-29;38 771
2025-10-30;39 930
2025-10-31;49 878
2025-11-01;49 064
2025-11-02;25 520
2025-11-03;30 939
2025-11-04;36 834
2025-11-05;38 250
2025-11-06;36 564
2025-11-07;41 125
2025-11-08;48 817
2025-11-09;26 620
2025-11-10;33 869
2025-11-11;38 518
2025-11-12;38 656
2025-11-13;36 939
2025-11-14;45 417
2025-11-15;48 295
2025-11-16;28 237
2025-11-17;28 484
2025-11-18;39 031
2025-11-19;37 695
2025-11-20;35 671
2025-11-21;40 137
2025-11-22;45 258
2025-11-23;26 181
2025-11-24;32 949
2025-11-25;38 774
2025-11-26;39 776
2025-11-27;38 664
2025-11-28;48 580
2025-11-29;52 335
2025-11-30;29 026